molecule_chembl_id,canonical_smiles,bioactivityclass,MW,LogP,NumHDonors,NumHAcceptors,pIC50
CHEMBL138580,CC12CCC(=O)CC1=CCC1C2CCC2(C)C(CC3CN3)CCC12,intermediate,327.51200000000006,4.496400000000004,1.0,2.0,5.87942606879415
CHEMBL3084319,C[C@]12CC[C@H]3[C@@H](CC=C4CC(O)CC[C@@]43C)[C@@H]1CC[C@@H]2C1CS1,intermediate,332.55300000000005,5.041700000000005,1.0,2.0,5.6020599913279625
CHEMBL136897,CC1(C2CCC3C4CC=C5CC(O)CCC5(C)C4CCC32C)NN1,inactive,330.5160000000001,3.750300000000002,3.0,3.0,4.795880017344075
CHEMBL343929,CC12CCC(O)CC1=CCC1C2CCC2(C)C(c3cc[nH]n3)=CCC12,active,338.495,4.726700000000004,2.0,2.0,6.7447274948966935
CHEMBL2112777,C[C@]12CC[C@H]3[C@@H](CC=C4CC(=O)CC[C@@]43C)[C@@H]1CC[C@@H]2[C@@H]1CN1,inactive,313.485,4.106300000000003,1.0,2.0,1.4685210829577449
CHEMBL3085258,C[C@]12CC[C@H]3[C@@H](CC=C4CC(=O)CC[C@@]43C)[C@@H]1CC[C@@H]2C1CO1,inactive,314.46900000000005,4.533300000000004,0.0,2.0,4.6020599913279625
CHEMBL341591,CC12CCC(O)CC1=CCC1C2CCC2(C)C(CC3CN3)CCC12,active,329.5280000000001,4.288200000000003,2.0,2.0,6.275724130399211
CHEMBL2111948,C[C@]12CC[C@H]3[C@@H](CC=C4CC(=O)CC[C@@]43C)[C@@H]1CC[C@@H]2[C@H]1CN1,active,313.485,4.106300000000003,1.0,2.0,6.376750709602099
CHEMBL2111949,C[C@]12CC[C@H]3[C@@H](CC=C4C[C@@H](O)CC[C@@]43C)[C@@H]1CC[C@@H]2[C@@H]1CO1,inactive,316.48500000000007,4.3251000000000035,1.0,2.0,4.6020599913279625
CHEMBL342012,CC12CCC(O)CC1=CCC1C2CCC2(C)C(C3CCN3)CCC12,inactive,329.52800000000013,4.288200000000003,2.0,2.0,3.9030899869919438
CHEMBL2112781,C[C@]12CC[C@H]3[C@@H](CC=C4C[C@@H](O)CC[C@@]43C)[C@@H]1CC[C@@H]2[C@H]1CO1,inactive,316.48500000000007,4.3251000000000035,1.0,2.0,4.154901959985743
CHEMBL3085256,COC1CC[C@@]2(C)C(=CC[C@H]3[C@@H]4CC[C@H](C5CO5)[C@@]4(C)CC[C@@H]32)C1,inactive,330.5120000000001,4.979200000000005,0.0,2.0,3.9030899869919438
CHEMBL134644,CC12CCC(O)CC1=CCC1C2CCC2(C)C(c3c[nH]cn3)=CCC12,active,338.495,4.726700000000004,2.0,2.0,7.3979400086720375
CHEMBL2111947,C[C@]12CC[C@H]3[C@@H](CC=C4C[C@@H](O)CC[C@@]43C)[C@@H]1CC[C@@H]2[C@H]1CN1,active,315.50100000000003,3.898100000000002,2.0,2.0,6.6777807052660805
CHEMBL2111950,C[C@]12CC[C@H]3[C@@H](CC=C4C[C@@H](O)CC[C@@]43C)[C@@H]1CC[C@]2(O)[C@@H]1CN1,inactive,331.50000000000006,3.013000000000001,3.0,3.0,4.494850021680094
CHEMBL2112782,C[C@]12CC[C@H]3[C@@H](CC=C4C[C@@H](O)CC[C@@]43C)C1=CC[C@@H]2[C@@H]1CN1,intermediate,313.485,3.8182000000000027,2.0,2.0,5.014573525916998
CHEMBL2112772,C[C@]12CC[C@H]3[C@@H](CC=C4C[C@@H](O)CC[C@@]43C)[C@@H]1CC[C@@H]2[C@@H]1CN1,inactive,315.50100000000003,3.898100000000002,2.0,2.0,4.468521082957745
CHEMBL2112775,C[C@]12CC[C@H]3[C@@H](CC=C4C[C@@H](O)CC[C@@]43C)[C@@H]1CC[C@]2(O)[C@H]1CN1,inactive,331.50000000000006,3.013000000000001,3.0,3.0,3.9030899869919438
CHEMBL140021,CC1(C2CCC3C4CC=C5CC(O)CCC5(C)C4CCC32C)N=N1,inactive,328.5000000000001,5.108300000000005,1.0,3.0,3.9030899869919438
CHEMBL157101,CC(=O)N1CCN(c2ccc(OCC3COC(Cn4ccnc4)(c4ccc(Cl)cc4Cl)O3)cc2)CC1,inactive,531.4399999999999,4.205800000000003,0.0,7.0,4.173925197299174
CHEMBL3085257,C[C@]12CC[C@H]3[C@@H](CC=C4CC(O)CC[C@@]43C)[C@@H]1CC[C@H]2C1CS1,inactive,332.55300000000005,5.041700000000005,1.0,2.0,3.9030899869919438
CHEMBL2111951,C[C@]12CC[C@H]3[C@@H](CC=C4C[C@@H](O)CC[C@@]43C)C1=CC[C@@H]2[C@H]1CN1,active,313.485,3.8182000000000027,2.0,2.0,6.366531544420414
CHEMBL419743,Cc1nc(C2CCC3C4CC=C5CC(O)CC[C@]5(C)C4CC[C@]23C)co1,intermediate,355.5220000000001,5.390320000000005,1.0,3.0,5.823908740944319
CHEMBL166709,O=C1/C(=C/c2cccnn2)CCc2ccccc21,inactive,236.27399999999997,2.6891000000000007,0.0,3.0,5.0
CHEMBL424556,O=C1/C(=C/c2ccnnc2)CCc2ccccc21,inactive,236.274,2.6891000000000016,0.0,3.0,5.0
CHEMBL2112522,C[C@]12CC[C@H]3[C@@H](CC=C4C[C@@H](O)CC[C@@]43C)[C@@H]1CC=C2c1ncc[nH]1,intermediate,338.495,4.726700000000004,2.0,2.0,5.823908740944319
CHEMBL169251,O=C1/C(=C\c2c[nH]cn2)CCc2ccccc21,inactive,224.26299999999998,2.622200000000001,1.0,2.0,4.130768280269024
CHEMBL2112517,C[C@]12CC[C@H]3[C@@H](CC=C4C[C@@H](O)CC[C@@]43C)[C@@H]1CC=C2c1cc[nH]n1,active,338.495,4.726700000000004,2.0,2.0,7.552841968657781
CHEMBL168636,O=C1/C(=C/c2cccnc2)CCc2ccccc21,inactive,235.28599999999997,3.294100000000002,0.0,2.0,4.318758762624412
CHEMBL90585,O=C1/C(=C/c2ccncc2)CCc2ccccc21,inactive,235.28599999999997,3.294100000000002,0.0,2.0,4.431798275933005
CHEMBL2112524,CC(=O)O[C@H]1CC[C@@]2(C)C(=CC[C@H]3[C@@H]4CC[C@H](C5=CNC(C(C)=O)N5)[C@@]4(C)CC[C@@H]32)C1,intermediate,426.6010000000002,4.446400000000003,2.0,5.0,5.263125638351577
CHEMBL433728,c1ccc2c(c1)CCC1C(c3ccsc3)C21,inactive,226.34400000000002,4.191500000000003,0.0,1.0,5.0
CHEMBL169449,O=C1c2ccccc2CCC1C(O)c1cnccn1,inactive,254.28900000000002,1.9552999999999998,1.0,4.0,5.0
CHEMBL2112526,C[C@]12CC[C@H]3[C@@H](CC=C4C[C@@H](O)CC[C@@]43C)[C@@H]1CC=C2c1c[nH]cn1,active,338.495,4.726700000000004,2.0,2.0,7.309803919971486
CHEMBL304903,c1ccc2c(c1)CCC1C(c3ccncc3)C21,inactive,221.30300000000003,3.525000000000002,0.0,1.0,4.443697499232712
CHEMBL2112533,Cc1nc([C@H]2CC[C@H]3[C@@H]4CC=C5C[C@@H](O)CC[C@]5(C)[C@H]4CC[C@]23C)c[nH]1,intermediate,354.53800000000007,5.1254200000000045,2.0,2.0,5.317584138322641
CHEMBL168434,O=C1/C(=C/c2c[nH]cn2)CCc2ccccc21,inactive,224.26299999999998,2.622200000000001,1.0,2.0,4.508638306165727
CHEMBL352645,c1ccc2c(c1)CCC1C(c3c[nH]cn3)C21,inactive,210.28000000000003,2.8531000000000004,1.0,1.0,4.045757490560675
CHEMBL325307,C[C@]12CCC3C(CCC4=CC(=O)CC[C@@]43C)C1CC=C2c1c[nH]cn1,active,336.479,4.934900000000004,1.0,2.0,7.853871964321762
CHEMBL114864,C[C@]12CCC3C(CC=C4CC(O)CC[C@@]43C)C1CC=C2c1ccnn1-c1ccccc1,intermediate,414.5930000000001,6.1893000000000065,1.0,3.0,5.823908740944319
CHEMBL115944,C[C@]12CCC3C(CC=C4CC(O)CC[C@@]43C)C1CCC2c1cc[nH]n1,intermediate,340.511,4.817000000000004,2.0,2.0,5.823908740944319
CHEMBL440930,c1cncc(C2C3CCc4ccccc4C32)c1,inactive,221.30300000000003,3.525000000000002,0.0,1.0,4.060480747381382
CHEMBL113205,C[C@]12CCC3C(CC=C4CC(O)CC[C@@]43C)C1CCC2c1ccon1,intermediate,341.49500000000006,5.0819000000000045,1.0,3.0,5.823908740944319
CHEMBL2112521,C[C@]12CC[C@H]3[C@@H](CC=C4C[C@@H](O)CC[C@@]43C)[C@@H]1CC=C2c1ccno1,active,339.47900000000004,4.9916000000000045,1.0,3.0,7.075720713938118
CHEMBL78215,C[C@]12CCC3C(CCC4=CC(=O)CC[C@@]43C)C1CC=C2c1ccno1,active,337.463,5.199800000000005,0.0,3.0,7.494850021680094
CHEMBL166789,c1ccc(C2C3CCc4ccccc4C32)nc1,inactive,221.30300000000003,3.525000000000002,0.0,1.0,5.0
CHEMBL415753,O=C1/C(=C/c2cc[nH]n2)CCc2ccccc21,inactive,224.26299999999998,2.622200000000001,1.0,2.0,5.0
CHEMBL79955,Oc1c(F)c(F)c(F)c(F)c1/N=N/c1c(F)c(F)c(F)c(F)c1F,inactive,360.13500000000005,5.059500000000002,1.0,3.0,4.200659450546418
CHEMBL78395,Fc1c(F)c(F)c2[nH]c3c(F)c(F)c(F)c(F)c3o[nH]c2c1F,inactive,342.14500000000004,4.4794,2.0,1.0,4.301029995663981
CHEMBL419934,C[C@]12CCC3C(CC=C4CC(O)CC[C@@]43C)C1CCC2c1ncc[nH]1,intermediate,340.511,4.817000000000004,2.0,2.0,5.823908740944319
CHEMBL113966,C[C@]12CCC3C(CCC4=CC(=O)CC[C@@]43C)C1CC[C@@H]2c1c[nH]cn1,active,338.495,5.025200000000004,1.0,2.0,7.102372908709558
CHEMBL113448,C[C@]12CCC3C(CCC4=CC(=O)CC[C@@]43C)C1CC=C2c1cc[nH]n1,active,336.479,4.934900000000004,1.0,2.0,7.119186407719209
CHEMBL169664,O=C1c2ccccc2CCC1C(O)c1cccnn1,inactive,254.28900000000002,1.9552999999999996,1.0,4.0,5.0
CHEMBL168762,O=C1c2ccccc2CCC1C(O)c1ccnnc1,inactive,254.28900000000002,1.9552999999999996,1.0,4.0,5.0
CHEMBL309703,Oc1c(F)c(F)c(/N=N/c2c(F)c(F)c(F)c(F)c2F)c(F)c1F,inactive,360.135,5.059500000000001,1.0,3.0,4.522878745280337
CHEMBL168444,O=C1c2ccccc2CCC1C(O)c1ccncn1,inactive,254.28900000000002,1.9552999999999998,1.0,4.0,5.0
CHEMBL325895,Cn1ccc(C2=CCC3C4CC=C5CC(O)CC[C@]5(C)C4CC[C@]23C)n1,intermediate,352.5220000000001,4.737100000000004,1.0,3.0,5.823908740944319
CHEMBL2112528,CC(=O)O[C@H]1CC[C@@]2(C)C(=CC[C@H]3[C@@H]4CC[C@H](c5c[nH]cn5)[C@@]4(C)CC[C@@H]32)C1,intermediate,382.5480000000002,5.387800000000006,1.0,3.0,5.823908740944319
CHEMBL169086,O=C1/C(=C/c2cncs2)CCc2ccccc21,inactive,241.31499999999997,3.3556000000000017,0.0,3.0,4.6777807052660805
CHEMBL168700,c1ccc(C2C3CCc4ccccc4C32)cc1,inactive,220.31500000000003,4.1300000000000034,0.0,0.0,5.0
CHEMBL333604,Cn1nccc1C1=CCC2C3CC=C4CC(O)CC[C@]4(C)C3CC[C@]12C,intermediate,352.52200000000016,4.737100000000005,1.0,3.0,5.823908740944319
CHEMBL2112534,CC(=O)O[C@H]1CC[C@@]2(C)C(=CC[C@H]3[C@@H]4CC=C(c5c[nH]cn5)[C@@]4(C)CC[C@@H]32)C1,intermediate,380.53200000000015,5.297500000000005,1.0,3.0,5.823908740944319
CHEMBL541717,C[C@]12CCC3C(CC=C4CC(O)CC[C@@]43C)C1CC[C@@H]2c1c[nH]c(-c2ccccc2)n1,intermediate,416.6090000000001,6.484000000000007,2.0,2.0,5.823908740944319
CHEMBL113804,C[C@]12CCC3C(CC=C4CC(O)CC[C@@]43C)C1CCC2c1ccno1,intermediate,341.49500000000006,5.0819000000000045,1.0,3.0,5.823908740944319
CHEMBL2112518,C[C@]12CC[C@H]3[C@@H](CC=C4C[C@@H](O)CC[C@@]43C)[C@@H]1CC[C@@H]2c1c[nH]cn1,active,340.511,4.817000000000004,2.0,2.0,7.040958607678906
CHEMBL113407,C[C@]12CCC3C(CCC4=CC(=O)CC[C@@]43C)C1CC[C@@H]2C1N=CC=N1,intermediate,338.495,4.615800000000004,0.0,3.0,5.823908740944319
CHEMBL424203,O=C1/C(=C/c2ccccn2)CCc2ccccc21,inactive,235.28599999999994,3.294100000000002,0.0,2.0,5.0
CHEMBL28689,O=C1/C(=C/c2ccccc2)CCc2ccccc21,inactive,234.29799999999997,3.8991000000000025,0.0,1.0,5.0
CHEMBL166974,O=C1/C(=C/c2ccsc2)CCc2ccccc21,inactive,240.32699999999997,3.960600000000003,0.0,2.0,5.0
CHEMBL307729,C[C@]12CCC3C(CCC4=CC(=O)CC[C@@]43C)C1CC=C2n1cncn1,active,337.467,4.260800000000003,0.0,4.0,7.958607314841775
CHEMBL310822,C[C@]12CCC3C(CC=C4C[C@@H](O)CC[C@@]43C)C1CC=C2n1cncn1,active,339.483,4.052600000000003,1.0,4.0,7.585026652029182
CHEMBL74661,C[C@]12CCC3C(CC=C4C[C@@H](O)CC[C@@]43C)C1CC=C2n1ccnc1,active,338.495,4.657600000000004,1.0,3.0,8.045757490560675
CHEMBL78003,C[C@]12CCC3C(CCC4=CC(=O)CC[C@@]43C)C1CC=C2n1ccnn1,active,337.467,4.260800000000003,0.0,4.0,8.045757490560675
CHEMBL310336,C[C@]12CCC3C(CCC4=CC(=O)CC[C@@]43C)C1CC=C2n1ccnc1,active,336.479,4.865800000000005,0.0,3.0,8.096910013008056
CHEMBL78108,C[C@]12CCC3C(CC=C4C[C@@H](O)CC[C@@]43C)C1CC=C2n1ccnn1,active,339.483,4.052600000000003,1.0,4.0,8.0
CHEMBL131984,C[C@@H]1C(OC(=O)Cc2cccnc2)CC2CC1C2(C)C,active,273.376,3.238000000000002,0.0,3.0,6.337242168318426
CHEMBL132072,C[C@@H]1C(OC(=O)Cc2ccncc2)CC2CC1C2(C)C,active,273.376,3.238000000000002,0.0,3.0,6.585026652029182
CHEMBL337251,C[C@@H]1C(OC(=O)C(C)(C)c2cccnc2)CC2CC1C2(C)C,active,301.43000000000006,3.973100000000003,0.0,3.0,7.327902142064283
CHEMBL336403,CC12CCC(O)CC1=CCC1C2CCC2(C)/C(=C/C=N/O)CCC12,inactive,329.48400000000004,4.696500000000004,2.0,3.0,3.9030899869919438
CHEMBL137040,C/C(CC1CCC2C3CCC4=CC(=O)CCC4(C)C3CCC12C)=N\O,intermediate,343.5110000000001,5.374700000000005,1.0,3.0,5.443697499232712
CHEMBL135651,C/C(=N/O)[C@H]1CCC2C3CCC4=CC(=O)CCC4(C)C3CCC21C,inactive,329.4840000000001,4.984600000000005,1.0,3.0,3.9030899869919438
CHEMBL2112747,C/C(=N/O)[C@H]1CC=C2[C@@H]3CC=C4C[C@@H](O)CC[C@]4(C)[C@H]3CC[C@@]21C,inactive,329.4840000000001,4.696500000000005,2.0,3.0,3.9030899869919438
CHEMBL135772,C/C(CC1CCC2C3CC=C4CC(O)CCC4(C)C3CCC12C)=N\O,intermediate,345.5270000000001,5.166500000000005,2.0,3.0,5.008773924307505
CHEMBL2112731,C[C@]12CC[C@H]3[C@@H](CC=C4C[C@@H](O)CC[C@@]43C)C1CC/C2=C/C=N\O,active,329.48400000000004,4.696500000000004,2.0,3.0,6.2839966563652006
CHEMBL135993,CC12CCC(=O)C=C1CCC1C2CCC2(C)C(C/C=N/O)CCC12,active,329.48400000000004,4.984600000000005,1.0,3.0,6.522878745280337
CHEMBL2112737,C/C(=N/O)C1=CCC2[C@@H]3CC=C4C[C@@H](O)CC[C@]4(C)[C@H]3CC[C@]12C,inactive,329.4840000000001,4.696500000000005,2.0,3.0,3.9030899869919438
CHEMBL440165,CC12CCC(O)CC1=CCC1C2CCC2(C)C(C/C=N/O)CCC12,intermediate,331.50000000000006,4.776400000000004,2.0,3.0,5.559090917934782
CHEMBL2112735,C[C@]12CC[C@H]3[C@@H](CCC4=C[C@@H](O)CC[C@@]43C)C1CC/C2=C/C=N\O,active,329.48400000000004,4.696500000000004,2.0,3.0,6.853871964321762
CHEMBL135288,C/C(=N/O)C1=CC=C2C3CCC4=CC(=O)CCC4(C)C3CCC12C,inactive,325.45200000000006,4.824800000000004,1.0,3.0,3.9030899869919438
CHEMBL135351,C/C(=N/O)C1=CCC2C3CCC4=CC(=O)CCC4(C)C3CCC12C,inactive,327.4680000000001,4.904700000000005,1.0,3.0,3.9030899869919438
CHEMBL132969,C/C(=N/O)C1CC=C2C3CC=C4CC(O)CCC4(C)C3CCC21C,inactive,329.4840000000001,4.696500000000005,2.0,3.0,3.9030899869919438
CHEMBL53644,c1ccc2c(c1)CCCC2CCn1ccnc1,inactive,226.323,3.3933000000000018,0.0,2.0,4.698970004336019
CHEMBL292899,c1cnc2c(c1)C(CCn1ccnc1)CCC2,inactive,227.31099999999995,2.7883000000000013,0.0,3.0,3.9030899869919438
CHEMBL323546,O=C(Cc1ccncc1)Oc1ccccc1,inactive,213.236,2.2297000000000002,0.0,3.0,4.0
CHEMBL102981,CC(C(=O)OC1CCCCC1)c1ccncc1,intermediate,233.311,3.0610000000000017,0.0,3.0,5.657577319177793
CHEMBL105298,CC1CCC(C(C)C)C(OC(=O)Cc2ccncc2)C1,inactive,275.392,3.6281000000000025,0.0,3.0,4.823908740944319
CHEMBL321729,CC1CCC(OC(=O)Cc2ccncc2)CC1,inactive,233.31099999999998,2.7460000000000013,0.0,3.0,4.443697499232712
CHEMBL104126,CC(C)CC(C)OC(=O)Cc1ccncc1,inactive,221.29999999999998,2.6019000000000005,0.0,3.0,4.769551078621726
CHEMBL104047,O=C(Cc1ccncc1)OC12CC3CC(CC(C3)C1)C2,active,271.35999999999996,3.1361000000000017,0.0,3.0,6.214670164989233
CHEMBL105044,CC1(OC(=O)Cc2ccncc2)CCCCC1,inactive,233.31099999999992,2.8901000000000012,0.0,3.0,4.958607314841775
CHEMBL102536,CC1(C)C2CCC1(C)C(OC(=O)Cc1ccncc1)C2,intermediate,273.37600000000003,3.382100000000002,0.0,3.0,5.657577319177793
CHEMBL104566,CC1CCC(OC(=O)Cc2ccncc2)C1,inactive,219.284,2.3559,0.0,3.0,4.494850021680094
CHEMBL102884,CC(C)(C)C1CCC(OC(=O)Cc2ccncc2)CC1,intermediate,275.39200000000005,3.7722000000000033,0.0,3.0,5.522878745280337
CHEMBL103685,CC(C)(C(=O)OC1CCCCC1)c1ccncc1,intermediate,247.33799999999997,3.235100000000002,0.0,3.0,5.346787486224656
CHEMBL102409,O=C(Cc1ccncc1)OC1CCCCC1,inactive,219.2839999999999,2.500000000000001,0.0,3.0,4.698970004336019
CHEMBL103040,O=C(Cc1ccncc1)OC1=CC2CCC1C2,inactive,229.27899999999994,2.4811000000000005,0.0,3.0,4.337242168318426
CHEMBL101743,CCC1CCC(OC(=O)Cc2ccncc2)CC1,intermediate,247.33799999999997,3.1361000000000017,0.0,3.0,5.568636235841013
CHEMBL319026,CC1C(OC(=O)Cc2ccncc2)CC2CC1C2(C)C,intermediate,273.376,3.238000000000002,0.0,3.0,5.7447274948966935
CHEMBL323585,CC(C)CCOC(=O)Cc1ccncc1,inactive,207.273,2.2134,0.0,3.0,4.0
CHEMBL105289,O=C(Cc1ccncc1)OC1CCCC1,inactive,205.25699999999992,2.1098999999999997,0.0,3.0,3.8827287043442356
CHEMBL102510,CC(C)OC(=O)Cc1ccncc1,inactive,179.21900000000002,1.5756999999999999,0.0,3.0,4.0
CHEMBL377770,Fc1ccc(Cn2ccnc2)cc1,inactive,176.19400000000002,2.0705,0.0,2.0,4.7342390832823895
CHEMBL441367,Clc1ccc(Cn2ccnc2)cc1,intermediate,192.64900000000003,2.5847999999999995,0.0,2.0,5.55129368009492
CHEMBL211207,Brc1ccc(Cn2ccnc2)cc1,intermediate,237.1,2.6939,0.0,2.0,5.170053304058364
CHEMBL427399,Ic1ccc(Cn2ccnc2)cc1,intermediate,284.1,2.5359999999999996,0.0,2.0,5.801342913045577
CHEMBL349822,N#Cc1ccc(Cn2ccnc2)cc1,intermediate,183.21400000000003,1.80308,0.0,3.0,5.115204636051019
CHEMBL13784,O=[N+]([O-])c1ccc(Cn2ccnc2)cc1,intermediate,203.20100000000002,1.8396,0.0,4.0,5.144480844332199
CHEMBL212741,Cc1ccc(Cn2ccnc2)cc1,intermediate,172.23100000000002,2.23982,0.0,2.0,5.055024091587952
CHEMBL166845,Oc1ccc(Cn2ccnc2)cc1,intermediate,174.203,1.637,1.0,3.0,5.0851281824599495
CHEMBL213596,FC(F)(F)c1cc(Cn2ccnc2)cc(C(F)(F)F)c1,inactive,294.198,3.969000000000001,0.0,2.0,4.710857164067667
CHEMBL446946,Fc1cc(F)cc(Cn2ccnc2)c1,inactive,194.18400000000003,2.2096,0.0,2.0,4.928117992693875
CHEMBL373588,Fc1ccc(Cn2ccnc2)cc1F,intermediate,194.184,2.2096,0.0,2.0,5.017728766960431
CHEMBL210125,Clc1cc(Cl)cc(Cn2ccnc2)c1,intermediate,227.09400000000002,3.2382000000000017,0.0,2.0,5.476253533188435
CHEMBL379436,Clc1ccc(Cn2ccnc2)cc1Cl,intermediate,227.09400000000002,3.238200000000001,0.0,2.0,5.684029654543083
CHEMBL211276,Brc1cc(Br)cc(Cn2ccnc2)c1,intermediate,315.996,3.456400000000002,0.0,2.0,5.5003129173815966
CHEMBL14192,c1ccc(Cn2ccnc2)cc1,inactive,158.204,1.9313999999999998,0.0,2.0,4.408267761048164
CHEMBL386256,Brc1ccc(CCCn2ccnc2)cc1,intermediate,265.15399999999994,3.2784000000000013,0.0,2.0,5.530177984021837
CHEMBL215320,Brc1ccc(CCn2ccnc2)cc1,inactive,251.12699999999998,2.888300000000001,0.0,2.0,4.513427849481643
CHEMBL213493,Clc1ccc(CCCn2ccnc2)cc1,intermediate,220.70300000000003,3.1693000000000007,0.0,2.0,5.232844133917819
CHEMBL379290,Clc1ccc(CCn2ccnc2)cc1,inactive,206.67600000000004,2.7792000000000003,0.0,2.0,4.3041682271733075
CHEMBL214932,Fc1ccc(CCCn2ccnc2)cc1,inactive,204.24800000000005,2.655000000000001,0.0,2.0,4.55579901113584
CHEMBL215425,Fc1ccc(CCn2ccnc2)cc1,inactive,190.22100000000003,2.2649,0.0,2.0,3.920095532333279
CHEMBL380271,c1ccc(CCCn2ccnc2)cc1,inactive,186.25800000000004,2.5159000000000002,0.0,2.0,4.509339346643864
CHEMBL403475,CCC(c1ccc(-c2ccsc2)cc1)n1ccnc1,active,268.385,4.611000000000004,0.0,3.0,6.250263684430939
CHEMBL254328,C[C@]12CC[C@H]3[C@@H](CC=C4C[C@@H](O)CC[C@@]43C)[C@@H]1CC=C2c1cccnc1,active,349.51800000000003,5.398600000000005,1.0,2.0,6.657577319177793
CHEMBL273191,CC(c1ccc(-c2ccsc2)cc1)n1ccnc1,active,254.358,4.220900000000003,0.0,3.0,6.170053304058364
CHEMBL539453,Cc1ccc(S(=O)(=O)Oc2ccc(Cn3ccnc3)cc2)cc1,inactive,328.39300000000003,3.0075200000000013,0.0,5.0,4.599289363226768
CHEMBL549919,O=[N+]([O-])c1ccc(S(=O)(=O)Oc2ccc(Cn3ccnc3)cc2)cc1,intermediate,359.363,2.6073000000000004,0.0,7.0,5.162411561764489
CHEMBL560398,O=S(=O)(Oc1ccc(Cn2ccnc2)cc1)c1ccc(F)cc1,inactive,332.356,2.8382000000000014,0.0,5.0,4.797784224198868
CHEMBL549920,O=S(=O)(Oc1ccc(Cn2ccnc2)cc1)c1ccc(Cl)cc1,intermediate,348.81100000000004,3.352500000000002,0.0,5.0,5.164309428507575
CHEMBL190231,O=S(=O)(Oc1ccc(Cn2ccnc2)cc1)c1ccc(Br)cc1,intermediate,393.262,3.4616000000000025,0.0,5.0,5.315154638355588
CHEMBL558136,O=S(=O)(Oc1ccc(Cn2ccnc2)cc1)c1ccc(I)cc1,inactive,440.262,3.303700000000002,0.0,5.0,4.999565922520682
CHEMBL553870,COc1ccc(S(=O)(=O)Oc2ccc(Cn3ccnc3)cc2)cc1,intermediate,344.392,2.707700000000001,0.0,6.0,5.221848749616356
CHEMBL560333,O=S(=O)(Oc1ccc(Cn2ccnc2)cc1)c1ccc(C(F)(F)F)cc1,inactive,382.363,3.717900000000003,0.0,5.0,4.1876883908688765
CHEMBL1222850,CCc1ccc(S(=O)(=O)Oc2ccc(Cn3ccnc3)cc2)cc1,active,342.42,3.2615000000000025,0.0,5.0,7.698970004336019
CHEMBL1222922,CCCc1ccc(S(=O)(=O)Oc2ccc(Cn3ccnc3)cc2)cc1,active,356.447,3.651600000000003,0.0,5.0,7.522878745280337
CHEMBL1222923,CCCCc1ccc(S(=O)(=O)Oc2ccc(Cn3ccnc3)cc2)cc1,active,370.474,4.041700000000003,0.0,5.0,7.3979400086720375
CHEMBL1222924,CCCCCc1ccc(S(=O)(=O)Oc2ccc(Cn3ccnc3)cc2)cc1,active,384.50100000000003,4.4318000000000035,0.0,5.0,6.795880017344075
CHEMBL1222987,O=S(=O)(Oc1ccc(Cn2ccnc2)cc1)c1ccc(-c2ccccc2)cc1,active,390.46400000000006,4.366100000000003,0.0,5.0,8.0
CHEMBL1682893,CNC(=O)c1ccc2cc(C(O)(c3c[nH]cn3)C(C)C)ccc2c1,active,323.3960000000001,2.814400000000001,3.0,3.0,8.221848749616356
CHEMBL1682890,CNC(=O)Nc1ccc2cc(C(O)(c3c[nH]cn3)C(C)C)ccc2c1,active,338.4110000000001,3.206100000000001,4.0,3.0,7.958607314841775
CHEMBL1682894,CCNC(=O)c1ccc2cc(C(O)(c3c[nH]cn3)C(C)C)ccc2c1,active,337.42300000000006,3.204500000000002,3.0,3.0,7.958607314841775
CHEMBL1682896,CC(C)NC(=O)c1ccc2cc(C(O)(c3c[nH]cn3)C(C)C)ccc2c1,active,351.4500000000001,3.5930000000000017,3.0,3.0,7.920818753952375
CHEMBL1682899,CNC(=O)c1cc2ccc(C(O)(c3c[nH]cn3)C(C)C)cc2cc1C,active,337.4230000000001,3.1228200000000017,3.0,3.0,7.920818753952375
CHEMBL1682895,CCCNC(=O)c1ccc2cc(C(O)(c3c[nH]cn3)C(C)C)ccc2c1,active,351.4500000000001,3.5946000000000025,3.0,3.0,7.886056647693163
CHEMBL1682888,CC(=O)c1ccc2cc(C(O)(c3c[nH]cn3)C(C)C)ccc2c1,active,308.38100000000003,3.6574000000000018,2.0,3.0,7.853871964321762
CHEMBL1682901,CC(C)C(O)(c1ccc2c3c(ccc2c1)C(=O)N(C)C3)c1c[nH]cn1,active,335.40700000000004,3.040400000000001,2.0,3.0,7.823908740944319
CHEMBL1682887,COc1ccc2cc([C@](O)(c3c[nH]cn3)C(C)C)ccc2c1,active,296.37000000000006,3.463400000000002,2.0,3.0,7.6777807052660805
CHEMBL1682889,CC(=O)Nc1ccc2cc(C(O)(c3c[nH]cn3)C(C)C)ccc2c1,active,323.3960000000001,3.4132000000000016,3.0,3.0,7.5376020021010435
CHEMBL1682902,CC(C)C(O)(c1ccc2cc3c(cc2c1)CNC3=O)c1c[nH]cn1,active,321.38,2.6982,3.0,3.0,7.376750709602099
CHEMBL1682891,COC(=O)c1ccc2cc(C(O)(c3c[nH]cn3)C(C)C)ccc2c1,active,324.38000000000005,3.2414000000000014,2.0,4.0,7.366531544420414
CHEMBL1682903,CC(C)C(O)(c1ccc2cc3c(cc2c1)CN(C)C3=O)c1c[nH]cn1,active,335.407,3.040400000000001,2.0,3.0,7.154901959985743
CHEMBL1682897,CNC(=O)c1ccc2cc(C(O)(c3c[nH]cn3)C(C)C)ccc2c1Cl,active,357.8410000000001,3.467800000000002,3.0,3.0,7.040958607678906
CHEMBL1682905,CC(C)[C@@](O)(c1ccc2c3c(ccc2c1)C(=O)N(C)C3)c1c[nH]cn1,active,335.40700000000004,3.040400000000001,2.0,3.0,6.958607314841775
CHEMBL1682900,CC(C)C(O)(c1ccc2c3c(ccc2c1)C(=O)NC3)c1c[nH]cn1,active,321.38,2.6982,3.0,3.0,6.7447274948966935
CHEMBL1682898,CNC(=O)c1ccc2cc(C(O)(c3c[nH]cn3)C(C)C)ccc2c1C,active,337.4230000000001,3.1228200000000017,3.0,3.0,6.698970004336019
CHEMBL1682892,CC(C)C(O)(c1ccc2cc(C(N)=O)ccc2c1)c1c[nH]cn1,active,309.36899999999997,2.5537,3.0,3.0,8.0
CHEMBL1682904,CC(C)[C@](O)(c1ccc2c3c(ccc2c1)C(=O)N(C)C3)c1c[nH]cn1,active,335.40700000000004,3.040400000000001,2.0,3.0,8.0
CHEMBL1766169,CC(C)C(O)(c1cccc(-c2ccccc2)c1)c1c[nH]cn1,active,292.38199999999995,3.968600000000002,2.0,2.0,7.823908740944319
CHEMBL1765101,COc1ccc(-c2cccc(C(O)(c3c[nH]cn3)C(C)C)c2)cc1,active,322.4080000000001,3.9772000000000016,2.0,3.0,8.0
CHEMBL1766170,CC(C)C(O)(c1cccc(-c2ccc(F)cc2)c1)c1c[nH]cn1,active,310.37199999999996,4.107700000000003,2.0,2.0,8.080921907623926
CHEMBL1766171,CC(C)C(O)(c1cccc(-c2ccc(Cl)cc2)c1)c1c[nH]cn1,active,326.827,4.622000000000003,2.0,2.0,7.721246399047171
CHEMBL1766172,CC(C)C(O)(c1ccc(-c2ccccc2)cc1)c1c[nH]cn1,active,292.382,3.968600000000002,2.0,2.0,7.481486060122112
CHEMBL1766173,COc1ccc(-c2ccc(C(O)(c3c[nH]cn3)C(C)C)cc2)cc1,active,322.408,3.9772000000000025,2.0,3.0,6.920818753952375
CHEMBL1766174,CC(C)C(O)(c1ccc(-c2ccc(F)cc2)cc1)c1c[nH]cn1,active,310.37199999999996,4.107700000000003,2.0,2.0,7.552841968657781
CHEMBL1766175,CC(C)C(O)(c1ccc(-c2ccc(Cl)cc2)cc1)c1c[nH]cn1,active,326.827,4.622000000000003,2.0,2.0,7.5376020021010435
CHEMBL1766176,CC(=O)Nc1cccc(-c2ccc(C(O)(c3c[nH]cn3)C(C)C)cc2)c1,active,349.4340000000001,3.9270000000000023,3.0,3.0,7.769551078621726
CHEMBL1766177,CC(=O)Nc1ccc(-c2ccc(C(O)(c3c[nH]cn3)C(C)C)cc2)cc1,active,349.4340000000001,3.9270000000000023,3.0,3.0,7.619788758288394
CHEMBL1766178,CNC(=O)c1cccc(-c2ccc(C(O)(c3c[nH]cn3)C(C)C)cc2)c1,active,349.4340000000001,3.3282000000000016,3.0,3.0,7.309803919971486
CHEMBL1766179,CNS(=O)(=O)c1cccc(-c2ccc(C(O)(c3c[nH]cn3)C(C)C)cc2)c1,active,385.48900000000003,2.8767000000000014,3.0,4.0,7.1487416512809245
CHEMBL1766180,CNC(=O)Nc1cccc(-c2ccc(C(O)(c3c[nH]cn3)C(C)C)cc2)c1,active,364.44900000000007,3.7199000000000026,4.0,3.0,7.619788758288394
CHEMBL1766181,CC(C)C(O)(c1ccc(-c2ccccn2)cc1)c1c[nH]cn1,active,293.37,3.363600000000001,2.0,3.0,6.6777807052660805
CHEMBL1766182,CC(=O)Nc1cccc(-c2ccc(C(O)(c3c[nH]cn3)C(C)C)cc2)n1,active,350.4220000000001,3.322000000000002,3.0,4.0,7.275724130399211
CHEMBL1766183,CC(=O)Nc1cccc(-c2ccc(C(C)(O)c3c[nH]cn3)cc2)c1,active,321.38,3.2909000000000015,3.0,3.0,7.2076083105017466
CHEMBL1766184,CCC(O)(c1ccc(-c2cccc(NC(C)=O)c2)cc1)c1c[nH]cn1,active,335.40700000000004,3.681000000000001,3.0,3.0,7.6020599913279625
CHEMBL1766185,CC(=O)Nc1cccc(-c2ccc(C(O)(c3c[nH]cn3)C3CC3)cc2)c1,active,347.4180000000001,3.681000000000002,3.0,3.0,7.0915149811213505
CHEMBL1766186,CC(=O)Nc1cccc(-c2ccc(C(O)c3c[nH]cn3)cc2)c1,active,307.353,3.1168000000000005,3.0,3.0,6.494850021680094
CHEMBL1766187,CC(=O)Nc1cccc(-c2ccc([C@](O)(c3c[nH]cn3)C(C)C)cc2)c1,active,349.4340000000001,3.9270000000000023,3.0,3.0,7.853871964321762
CHEMBL1766188,CC(=O)Nc1cccc(-c2ccc([C@@](O)(c3c[nH]cn3)C(C)C)cc2)c1,active,349.4340000000001,3.9270000000000023,3.0,3.0,6.113509274827518
CHEMBL1766189,CC(=O)Nc1cccc(-c2ccc([C@](O)(c3c[nH]cn3)C(C)C)cc2)n1,active,350.4220000000001,3.322000000000002,3.0,4.0,7.481486060122112
CHEMBL1766190,CC(=O)Nc1cccc(-c2ccc([C@@](O)(c3c[nH]cn3)C(C)C)cc2)n1,active,350.4220000000001,3.322000000000002,3.0,4.0,6.0
CHEMBL1766191,CC[C@](O)(c1ccc(-c2cccc(NC(C)=O)c2)cc1)c1c[nH]cn1,active,335.40700000000004,3.681000000000001,3.0,3.0,7.721246399047171
CHEMBL1766192,CC[C@@](O)(c1ccc(-c2cccc(NC(C)=O)c2)cc1)c1c[nH]cn1,active,335.40700000000004,3.681000000000001,3.0,3.0,6.346787486224656
CHEMBL1921977,CNC(=O)c1ccc2cc(C3(O)CCn4cncc43)ccc2c1,active,307.353,2.0355,2.0,4.0,7.267606240177032
CHEMBL1921978,CNC(=O)c1ccc2cc(C3(O)c4cncn4CC3(C)C)ccc2c1,active,335.40700000000004,2.6716000000000006,2.0,4.0,6.958607314841775
CHEMBL1921979,CNC(=O)c1ccc2cc(C3CCn4cncc43)ccc2c1,active,291.354,2.9315000000000015,1.0,3.0,7.823908740944319
CHEMBL1921980,CNC(=O)c1ccc2cc(C(C)(O)c3cncn3C)ccc2c1,active,309.369,2.1887,2.0,4.0,6.0
CHEMBL1921981,NC(=O)c1ccc2cc(C3(O)CCn4cncc43)ccc2c1,active,293.32599999999996,1.7748,2.0,4.0,7.619788758288394
CHEMBL1921982,CCNC(=O)c1ccc2cc(C3(O)CCn4cncc43)ccc2c1,active,321.38,2.4256,2.0,4.0,6.958607314841775
CHEMBL1921983,O=C(NC1CC1)c1ccc2cc(C3(O)CCn4cncc43)ccc2c1,active,333.391,2.5681000000000003,2.0,4.0,7.0
CHEMBL1921984,CC(C)NC(=O)c1ccc2cc(C3(O)CCn4cncc43)ccc2c1,active,335.40700000000004,2.8141000000000007,2.0,4.0,6.795880017344075
CHEMBL1921976,CNC(=O)c1ccc2cc([C@@]3(O)CCn4cncc43)ccc2c1,active,307.353,2.0355,2.0,4.0,7.318758762624412
CHEMBL1921985,CNC(=O)c1ccc2cc([C@]3(O)CCn4cncc43)ccc2c1,active,307.353,2.0355,2.0,4.0,6.7447274948966935
CHEMBL3087962,Cc1noc(C2=CC[C@H]3[C@@H]4CC=C5C[C@@H](O)CC[C@]5(C)[C@H]4CC[C@]23C)n1,active,354.49400000000014,4.695020000000004,1.0,4.0,6.221848749616356
CHEMBL3264604,COc1cc2ccc(C(O)(c3c[nH]cn3)C(C)C)cc2cc1OC,active,326.39600000000013,3.472000000000002,2.0,4.0,6.853871964321762
CHEMBL3264602,COc1cc2ccc(C(O)(c3ccncc3)C(C)C)cc2cc1OC,active,337.4190000000001,4.143900000000003,1.0,4.0,7.221848749616356
CHEMBL3264600,COc1cc2ccc(C(O)(c3cnco3)C(C)C)cc2cc1OC,active,327.3800000000001,3.736900000000003,1.0,5.0,7.0655015487564325
CHEMBL3264597,COc1cc2ccc(C(O)(c3cnn[nH]3)C(C)C)cc2cc1OC,active,327.3840000000001,2.867000000000001,2.0,5.0,6.7447274948966935
CHEMBL3264599,COc1cc2ccc(C(O)(c3cncs3)C(C)C)cc2cc1OC,active,343.44800000000015,4.205400000000004,1.0,5.0,6.5376020021010435
CHEMBL3264596,COc1cc2ccc(C(O)(c3cn[nH]c3)C(C)C)cc2cc1OC,active,326.39600000000013,3.472000000000002,2.0,4.0,6.366531544420414
CHEMBL3264603,COc1cc2ccc(C(O)(c3ccncn3)C(C)C)cc2cc1OC,active,338.4070000000001,3.5389000000000026,1.0,5.0,6.356547323513812
CHEMBL3264595,COc1cc2ccc(C(O)(c3cc[nH]n3)C(C)C)cc2cc1OC,intermediate,326.39600000000013,3.472000000000002,2.0,4.0,5.795880017344075
CHEMBL3264601,COc1cc2ccc(C(O)(c3cccnc3)C(C)C)cc2cc1OC,intermediate,337.4190000000001,4.143900000000003,1.0,4.0,5.376750709602099
CHEMBL3264598,COc1cc2ccc(C(O)(c3nc[nH]n3)C(C)C)cc2cc1OC,intermediate,327.3840000000001,2.867000000000001,2.0,5.0,5.1487416512809245
CHEMBL3677955,O=C1N(c2ccnc(C(F)(F)F)c2)[C@H]2C[C@H]2N1c1cnccc1C1CC1,active,360.33900000000006,3.960300000000002,0.0,3.0,8.522878745280337
CHEMBL3639767,O=C1N(c2ccnc(Cl)c2)CCN1c1cnccc1C1CC1,active,314.77600000000007,3.4540000000000015,0.0,3.0,8.568636235841012
CHEMBL3677931,COc1cc(N2CCN(c3cnccc3C3CC3)C2=O)ccn1,active,310.357,2.8092000000000015,0.0,4.0,8.337242168318426
CHEMBL3677924,O=C1N(c2ccnc(C(F)(F)F)c2)CCN1c1cnccc1C1CC1,active,348.32800000000003,3.8194000000000026,0.0,3.0,8.958607314841775
CHEMBL3912227,C[C@]12CC[C@H]3[C@@H](CC=C4C[C@@H](O)CC[C@@]43C)[C@@H]1CC=C2c1n[nH]cc1C=O,active,366.50500000000005,4.539200000000004,2.0,3.0,7.180456064458132
CHEMBL3966872,C[C@]12CC[C@H]3[C@@H](CC=C4C[C@@H](O)CC[C@@]43C)[C@@H]1CC=C2c1n[nH]cc1CO,active,368.5210000000001,4.219000000000003,3.0,3.0,7.585026652029182
CHEMBL3947033,C[C@]12CC[C@H]3[C@@H](CC=C4C[C@@H](O)CC[C@@]43C)[C@@H]1CC=C2c1n[nH]cc1C#N,active,363.50500000000005,4.598380000000003,2.0,3.0,7.036212172654444
CHEMBL4090236,Fc1ccc2sc3c(c2c1)CCN(Cc1cncc2ccccc12)C3,active,348.4460000000001,5.146900000000004,0.0,3.0,6.409158165218398
CHEMBL4068802,Fc1ccc2sc3c(c2c1)CCN(Cc1c[nH]cn1)C3,active,287.363,3.3218000000000023,1.0,3.0,7.525783735923745
CHEMBL4096103,Fc1ccc2sc3c(c2c1)CCN(Cc1ccncc1)C3,active,298.386,3.993700000000004,0.0,3.0,6.0
CHEMBL4101951,Fc1ccc2sc3c(c2c1)CCN(Cc1cncnc1)C3,active,299.374,3.3887000000000027,0.0,4.0,7.093718844227847
CHEMBL4083961,Cc1cncc(CN2CCc3c(sc4ccc(F)cc34)C2)c1,active,312.41300000000007,4.302120000000003,0.0,3.0,6.9186526921958675
CHEMBL4063960,COc1cncc(CN2CCc3c(sc4ccc(F)cc34)C2)c1,active,328.41200000000003,4.002300000000003,0.0,4.0,7.4698003017969175
CHEMBL4091726,Fc1cncc(CN2CCc3c(sc4ccc(F)cc34)C2)c1,active,316.3760000000001,4.132800000000003,0.0,3.0,7.247951552180561
CHEMBL4072550,CC(C)c1ccncc1CN1CCc2c(sc3ccc(F)cc23)C1,active,340.46700000000004,5.117100000000004,0.0,3.0,6.271565049025745
CHEMBL4099464,C=C(C)c1ccncc1CN1CCc2c(sc3ccc(F)cc23)C1,active,338.451,5.026800000000004,0.0,3.0,6.0088625648796885
CHEMBL4083029,Fc1ccc2sc3c(c2c1)CCN(Cc1cnccc1C1CC1)C3,active,338.45100000000014,4.871100000000004,0.0,3.0,7.213958789757446
CHEMBL4061151,Fc1ccc2sc3c(c2c1)CCN(Cc1cnccc1-c1ccccc1)C3,active,374.4840000000001,5.660700000000005,0.0,3.0,6.0
CHEMBL4059780,Cc1ccncc1CN1CCc2c(sc3ccc(F)cc23)C1,active,312.41300000000007,4.302120000000003,0.0,3.0,7.801342913045577
CHEMBL4077026,Fc1ccc2sc3c(c2c1)CCN(Cc1cnccc1Br)C3,active,377.28200000000004,4.756200000000003,0.0,3.0,7.120330794367947
CHEMBL4072728,O=C(c1cccnc1)N1CCc2c(sc3ccc(F)cc23)C1,active,312.369,3.6339000000000024,0.0,3.0,6.0
CHEMBL4074529,CC(=O)Nc1ccc2sc3c(c2c1)CCN(Cc1cccnc1)C3,active,337.44800000000004,3.8130000000000024,1.0,4.0,6.0
CHEMBL4078455,CC(C)(C)OC(=O)Nc1ccc2sc3c(c2c1)CCN(Cc1cccnc1)C3,active,395.5280000000002,5.201600000000005,1.0,5.0,6.0
CHEMBL4102114,CNC(=O)c1ccc2sc3c(c2c1)CCN(Cc1cccnc1)C3,active,337.44800000000004,3.2142000000000017,1.0,4.0,6.0
CHEMBL4077854,N#Cc1ccc2sc3c(c2c1)CCN(Cc1cccnc1)C3,active,305.406,3.7262800000000027,0.0,4.0,6.58989792335714
CHEMBL4064141,Oc1ccc2sc3c(c2c1)CCN(Cc1cccnc1)C3,active,296.39500000000004,3.5602000000000027,1.0,4.0,7.679853713888946
CHEMBL4085705,CC1(C)OB(c2ccc3sc4c(c3c2)CCN(Cc2cccnc2)C4)OC1(C)C,active,406.3600000000001,4.153800000000004,0.0,5.0,6.939302159646388
CHEMBL4072156,Cc1ccc2sc3c(c2c1)CCN(Cc1cccnc1)C3,active,294.423,4.163020000000004,0.0,3.0,6.58989792335714
CHEMBL4099128,COc1ccc2sc3c(c2c1)CCN(Cc1cccnc1)C3,active,310.422,3.8632000000000026,0.0,4.0,6.0
CHEMBL4063548,Brc1ccc2sc3c(c2c1)CCN(Cc1cccnc1)C3,active,359.2920000000001,4.617100000000004,0.0,3.0,6.286593467832309
CHEMBL4091391,Clc1ccc2sc3c(c2c1)CCN(Cc1cccnc1)C3,active,314.841,4.508000000000004,0.0,3.0,6.348140730753051
CHEMBL4101612,Fc1ccc2sc3c(c2c1)CCN(Cc1cccnc1)C3,active,298.386,3.993700000000004,0.0,3.0,7.55129368009492
CHEMBL4083609,c1cncc(CN2CCc3c(sc4ccccc34)C2)c1,active,280.3960000000001,3.8546000000000022,0.0,3.0,7.55129368009492
CHEMBL4093882,c1cncc(CN2CCc3c([nH]c4ccccc34)C2)c1,active,263.344,3.1212000000000018,1.0,2.0,6.641113795594131
